{
    "seed": 571,
    "total_accuracy": 0.9414407200197771,
    "total_recall": 0.9135496282271064,
    "total_fscore": 0.924047835534238,
    "per_tag_acc": [
        0.9753748684368733,
        0.9621837503816387,
        0.9541647300687499,
        0.9204635653014662,
        0.9081917606346576,
        0.950054347126118,
        0.992862549487364,
        0.9625223744266893,
        0.9706527761937389,
        0.9075327392025336,
        0.9787790787416231,
        0.8145061002358716
    ],
    "per_tag_recl": [
        0.9509236088498627,
        0.950405223728953,
        0.9851645255482937,
        0.9106074144324452,
        0.8949607530617083,
        0.9682117550166354,
        0.9949177405682356,
        0.9867620805637856,
        0.9157861601085511,
        0.906954205789221,
        0.9998440892638965,
        0.4980579817936867
    ],
    "per_tag_fscore": [
        0.962993391033811,
        0.9562579335933201,
        0.9694157487031594,
        0.9155080587796072,
        0.9015259739219784,
        0.9590461378570085,
        0.9938890096597518,
        0.9744913048104182,
        0.9424136339852993,
        0.9072414703061206,
        0.9891993828427645,
        0.6165919809176149
    ],
    "per_tag_fbetascores": [
        [
            0.962993391033811,
            0.9562579335933201,
            0.9694157487031594
        ],
        [
            0.9155080587796072,
            0.9015259739219784,
            0.9590461378570085
        ],
        [
            0.9938890096597518,
            0.9744913048104182,
            0.9424136339852993
        ],
        [
            0.9072414703061206,
            0.9891993828427645,
            0.6165919809176149
        ],
        [
            0.9703841018143559,
            0.9598045626568037,
            0.9602069330225518
        ],
        [
            0.918474718555651,
            0.9055132259500102,
            0.9536305254924888
        ],
        [
            0.9932728615868719,
            0.9672744424473996,
            0.9591543777738712
        ],
        [
            0.907415750840139,
            0.9829207284481694,
            0.7210311327539023
        ],
        [
            0.9557148787035763,
            0.9527376223570301,
            0.9788037273788227
        ],
        [
            0.9125611489586645,
            0.8975749241396812,
            0.9645243239398915
        ],
        [
            0.9945059751968269,
            0.9818168206765625,
            0.9262527615626011
        ],
        [
            0.9070686313451901,
            0.9955588161940387,
            0.5393775835176555
        ]
    ]
}

